region,population,area,living_area,per_capita,real_incomes,formal_wage,real_pay,gdpp,income,subsidies,welfare,mining,manufact,indust,water_supply,provision,reg_prod_total,retail,poverty_percent,ps_child,ps_empl,ps_pens,childrens,child_orphanage,child_adopted,pension,pensioners,pensioners_percent,living_wage,unemployment_rate,newborn,child_mortality_rural,child_mortality_urban,child_mortality,morbidity,respiratory,neoplasms,disabled_18_60,density,spec_income,spec_subsidies,spec_mining,spec_manufact,spec_indust,spec_water_supply,spec_provision,spec_reg_prod,childrens_percent,child_orphanage_percent,newborn_1000,child_mortality_1000,disabled_1000
Алтайский край,2317153,167996,18.0,23864,95.5,30072,103.8,291156.9,56637.87973039001,74306.23537032,29.7,9146146100000.0,361880102220000,426221675120000.0,10454410500000.0,44741016300000.0,852443350240000.0,153605,17.5,31.4,59.4,9.2,490149,983,59,16128.19,621984,26.8,10904,5.9,19976,44,53,97,335066,57.302,10.293,61378,13.792905783471035,24442.87439387473,32067.902020419024,3947148116.675938,156174452968.79404,183941964609.15616,4511748037.35446,19308615486.33172,367883929218.3123,21.153070168435146,0.20055126094310097,8.620924039111788,0.04186171564847035,26.488540031668173
Амурская область,790044,361908,17.3,35499,100.3,52430,105.2,571362.1,51571.55531892,34011.88554735,21.7,116722688800000.0,39093856500000,202288233500000.0,3471369500000.0,43000318700000.0,404576467000000.0,245233,15.2,38.4,56.9,4.7,178702,676,65,17998.7,176633,22.4,14331,6.0,7853,13,29,42,164545,30.788,3.568,25069,2.182996783712988,65276.81410012606,43050.62192403208,147742010318.41263,49483138280.905876,256046794229.1822,4393893884.391249,54427751745.472404,512093588458.3644,22.619246522978468,0.37828339917852066,9.939952711494549,0.053161596063004087,31.731144088177363
Архангельская область без Ненецкого АО,1092424,413103,16.9,34852,98.4,52779,102.9,514200.4,52963.99300956,42447.95287233,21.4,30698169700000.0,259143871780000,332053498020000.0,5852056120000.0,36359400420000.0,664106996040000.0,250033,12.3,28.5,64.3,7.2,226228,785,60,21753.88,288908,26.4,14507,7.4,8906,5,24,29,565545,88.038,16.234,26984,2.644434923009516,48483.000199153445,38856.664511517505,28100966016.85792,237219130831.98465,303960273684.9429,5356945764.648159,33283231071.45211,607920547369.8857,20.708809033854987,0.3469950669236345,8.152512211375804,0.026546469136525745,24.701031833793472
Астраханская область,1005782,49024,19.2,25199,97.1,38885,104.5,526950.9,28260.82278389,24050.16497786,31.4,249844173900000.0,76028083900000,362298877900000.0,6497362300000.0,29929257800000.0,724597755800000.0,174527,15.6,42.1,52.4,5.5,227512,376,66,15427.85,240483,23.9,11287,7.8,10911,13,51,64,213163,49.989,5.059,19534,20.51611455613577,28098.358077485973,23911.906335428554,248407879540.49686,75591016641.77725,360216108361.45404,6460010519.178112,29757201660.00187,720432216722.9081,22.620408796339564,0.16526600794683358,10.848275272375126,0.06363207931738686,19.42170370915367
Белгородская область,1549151,27134,17.8,32841,98.1,37442,104.8,646569.0,58073.27733588,35521.90644179,16.1,189803813700000.0,746380688410000,974146909310000.0,11175025300000.0,26787381900000.0,1948293818620000.0,237076,7.2,0.0,0.0,0.0,290694,219,82,17438.93,421103,27.2,10403,4.9,12352,22,25,47,284261,60.234,7.618,60716,57.09261443207784,37487.163830949976,22929.91867273752,122521183344.94183,481799829977.8395,628826311515.146,7213644957.786555,17291653234.578167,1257652623030.292,18.764729842345904,0.07533695225907655,7.973399623406627,0.03033919869657638,39.19308059704961
Брянская область,1192491,34857,24.1,28596,96.3,31946,102.9,347204.5,28282.35153485,46485.74974515,23.1,310665900000.0,255686208300000,283462240100000.0,9588966400000.0,17876399500000.0,566924480200000.0,225643,13.6,44.8,51.6,3.7,226200,343,74,16976.79,327540,27.5,11760,4.0,9480,12,29,41,159914,29.048,8.761,38220,34.21094758585076,23717.03562949322,38982.05499676728,260518444.1643585,214413532932.32404,237705978577.6161,8041122658.368072,14990804542.759651,475411957155.2322,18.96869661909398,0.15163572060123784,7.949745532670686,0.034381810848048325,32.05055635640017
Владимирская область,1358416,29084,16.1,25922,98.0,35240,103.0,410443.6,40849.66412326,27304.64363845,26.0,4965110500000.0,526153656110000,581325997970000.0,12942570390000.0,37264660970000.0,1162651995940000.0,177680,12.5,0.0,0.0,0.0,251098,407,74,17270.99,390975,28.8,11800,5.6,10120,10,51,61,132256,32.444,1.682,38862,46.70664282767157,30071.542239829334,20100.354853336536,3655073629.8747954,387328812462.4563,427944015654.99817,9527692834.890049,27432436727.777058,855888031309.9963,18.484617377887187,0.1620881090251615,7.449853358617684,0.044905242576648095,28.608320278913087
Волгоградская область,2491036,112877,17.9,24864,98.7,35962,104.2,394256.5,67718.5137466,54196.27532688,25.1,34272695000000.0,775584323200000,904268455110000.0,21630796200000.0,72780640710000.0,1808536910220000.0,167446,11.9,46.2,49.8,4.0,476278,277,90,16523.12,671727,27.0,10604,7.6,19663,31,66,97,486921,86.516,13.011,64752,22.068587931996774,27184.87960294432,21756.52030997545,13758410155.453394,311350106220.86554,363008987068.0311,8683453872.204176,29217016819.508026,726017974136.0623,19.11967550850329,0.05815931031876342,7.893502944156567,0.03893962190831445,25.99400410110492
Вологодская область,1160445,144527,16.9,29522,99.6,42775,105.4,544379.2,52107.29377989,36300.93052705999,25.9,612397600000.0,728137683510000,777435178750000.0,8572731600000.0,40112366040000.0,1554870357500000.0,182920,12.8,43.1,54.6,2.3,249606,501,71,18249.48,301937,26.0,12438,6.1,10698,23,36,59,276284,48.522,6.235,29819,8.02926096853875,44902.855180460945,31281.905240713684,527726518.706186,627464191331.7737,669945735256.7334,7387451882.682937,34566365523.5707,1339891470513.4668,21.50950712873079,0.20071632893440058,9.218877241058387,0.05084256470578097,25.696176897655644
Воронежская область,2324205,52216,19.9,32078,95.4,36317,103.2,459629.5,76768.76773021999,49457.46821846,21.6,9230600500000.0,552645129400000,718266745400000.0,18592053800000.0,137798961700000.0,1436533490800000.0,252416,8.5,28.5,69.2,2.3,410064,205,86,16382.35,657683,28.3,9834,4.3,19161,12,58,70,375095,71.983,7.752,76228,44.51135667228436,33030.1189999247,21279.305490892584,3971508752.4551406,237778134630.98135,309037604428.1808,7999317530.080178,59288643514.664154,618075208856.3616,17.64319412444255,0.0499921963400835,8.244109276075044,0.030117825234865257,32.79745117147584
Еврейская автономная область,158305,36271,13.8,28048,99.2,46237,103.7,400340.5,6692.71856437,12908.81070436,31.2,17093714500000.0,5460452600000,27969407300000.0,447750100000.0,4967490100000.0,55938814600000.0,168066,23.6,34.8,54.4,10.8,36731,336,44,17170.7,35545,22.5,16336,6.3,1605,5,6,11,51293,6.357,1.73,5030,4.364506079236856,42277.36688272638,81543.92283478095,107979624774.95973,34493241527.43123,176680504721.8976,2828401503.426929,31379236916.07972,353361009443.7952,23.202678374024828,0.9147586507309902,10.138656391143678,0.06948611856858596,31.7741069454534
Забайкальский край,1059700,431892,17.1,27046,99.9,47172,102.9,402594.6,38863.57348484,45737.72482653,26.5,171636571600000.0,29004343500000,239535677800000.0,4031109700000.0,34863653000000.0,479071355600000.0,164741,20.9,33.4,59.3,7.2,267219,1362,60,16904.54,212033,20.0,13518,9.8,12484,31,33,64,172314,44.519,3.121,31476,2.4536226649254904,36674.128040804004,43161.01238702463,161967133717.08975,27370334528.640182,226041028404.26535,3804010285.9299803,32899549872.605453,452082056808.5307,25.216476361234314,0.509694295690052,11.780692648862885,0.0603944512597905,29.70274606020572
Ивановская область,997135,21437,18.1,26277,97.2,29083,101.6,273821.5,23091.31174124,36019.39275095,25.1,1170505200000.0,184046210800000,219786111600000.0,6394404200000.0,28174991400000.0,439572223200000.0,180314,13.7,0.0,0.0,0.0,183166,382,62,16522.93,282109,28.3,11535,5.4,7563,3,25,28,117068,19.522,5.596,25182,46.5146708961142,23157.65843264954,36122.88481594769,1173868332.7733958,184575018227.22098,220417608047.0548,6412776805.5478945,28255944681.512535,440835216094.1096,18.36922783775517,0.208553989277486,7.584730252172474,0.02808045049065573,25.25435372341759
Иркутская область,2391193,774846,16.3,27571,100.4,49885,103.5,631591.9,103462.39405534,69159.93181536,28.6,533657684000000.0,531602808900000,1217920533000000.0,21413422200000.0,131246617900000.0,2435841066000000.0,164879,17.6,41.5,51.5,7.0,579496,1469,71,18809.6,531497,22.2,12745,7.7,27137,49,118,167,520961,106.047,13.319,90548,3.086023545323845,43268.10677989606,28922.77278135224,223176332483.4089,222316981063.42734,509335939424.3794,8955120812.079996,54887505065.46314,1018671878848.7588,24.234597541896452,0.2534961414746607,11.34872843806418,0.06983961562282928,37.867290511472724
Кабардино-Балкарская Республика,868350,12470,18.9,21957,98.7,29899,105.0,210674.1,13287.90976938,38750.77300691001,34.4,386863600000.0,38751605030000,50105229930000.0,1424813700000.0,9541947900000.0,100210460160000.0,154476,24.2,35.9,57.4,6.7,206831,110,67,14138.36,175176,20.2,11819,14.8,10604,35,22,57,28655,7.464,0.095,30061,69.63512429831596,15302.481452617032,44625.753448390635,445515748.2581908,44626711613.98054,57701652478.83918,1640828813.26654,10988596648.816721,115403305303.16118,23.818851845454024,0.05318351697762908,12.211665802959637,0.0656417343237174,34.618529394829274
Калининградская область,1012512,15125,15.6,29518,99.2,36647,99.2,530036.9,43693.09658787,80168.56220502,12.6,14788998700000.0,579414803930000,651831888630000.0,7709618200000.0,49918467800000.0,1303663777260000.0,183286,13.5,29.1,64.8,6.1,199534,331,60,16862.35,251031,24.8,12943,5.9,9286,5,30,35,408661,246.714,6.148,23291,66.94294214876032,43153.16419743173,79177.88846455154,14606245358.079708,572254752467.1312,643776951413.9092,7614347484.27673,49301606104.42148,1287553902827.8184,19.70682816598717,0.16588651558130443,9.171249328403022,0.034567491545779205,23.003184159792674
Калужская область,1002575,29777,15.5,32442,99.2,43994,102.4,558174.6,45449.34975524999,25991.31079113,16.9,4778744100000.0,883848076800000,924089443900000.0,10263402500000.0,25199220500000.0,1848178887800000.0,214672,9.7,0.0,0.0,0.0,187497,228,72,17493.37,277874,27.7,11518,4.7,8989,8,20,28,310993,72.852,26.266,26691,33.66944285858213,45332.61826322219,25924.555061845746,4766470438.620552,881578013415.4552,921716025135.2767,10237042116.549885,25134499164.651024,1843432050270.5535,18.70154352542204,0.12160194563113011,8.96591277460539,0.0279280851806598,26.622447198463956
Камчатский край,313016,464275,15.9,55373,102.1,85623,103.8,942802.0,30582.62673658999,66720.45428114,13.3,30559560700000.0,123011432700000,178814259100000.0,2952087600000.0,22291178200000.0,357628518300000.0,202352,14.6,42.6,51.5,5.9,65590,264,49,25988.5,62961,20.1,22535,3.8,3240,3,11,14,28019,4.669,0.894,5812,0.6742038662430672,97703.07823430748,213153.4946492831,97629388593.55432,392987683377.2076,571262360709.9956,9431107675.007029,71214181383.69923,1142524721739.4639,20.95420042425946,0.40250038115566394,10.350908579753112,0.04472614818411838,18.567740946149716
Карачаево-Черкесская Республика,465528,14277,18.3,18949,97.3,29865,107.0,207471.5,6988.17024339,25546.25113857,26.5,2713194600000.0,26494436700000,40569368500000.0,1536797500000.0,9824939700000.0,81138737000000.0,83515,23.2,27.6,65.5,6.9,105502,82,95,15285.6,102517,22.0,10926,14.8,5118,12,13,25,17534,5.248,0.046,29634,32.60685017860895,15011.27803996752,54875.86383326031,5828209259.163789,56912659818.52864,87146999750.82057,3301192409.4791293,21104938263.649017,174293999501.64114,22.662868828512998,0.07772364504938295,10.993968139403002,0.05370246258012407,63.65675104397587
Кемеровская область,2657854,95725,16.3,25433,98.1,43429,100.6,392374.9,97131.19144624,62745.27541084,23.0,722401467500000.0,621927423810000,1515806733410000.0,69932690300000.0,101545151800000.0,3031613466820000.0,153033,13.2,39.7,55.8,4.5,575933,1776,67,17900.46,669131,25.2,11023,6.7,22545,20,109,129,507318,72.726,15.866,84902,27.765515800470098,36544.9687779088,23607.495148657526,271798777321.8544,233996082482.3335,570312264484.8062,26311712494.365757,38205692186.25252,1140624528969.6123,21.669098453112927,0.3083692026676714,8.482407235310893,0.04853539735440698,31.94381632700668
Кировская область,1262402,120374,14.9,24192,97.8,32692,104.1,315153.9,33924.44405923,36591.22104716999,27.6,1400797260000.0,255581757880000,306120939560000.0,8820146160000.0,40318238260000.0,612241879120000.0,163224,14.0,40.8,55.7,3.4,253990,715,59,16997.95,365047,28.9,11441,5.4,10619,9,31,40,299778,73.644,8.208,33709,10.487331151245286,26872.93275773486,28985.39533933722,1109628517.6987996,202456711792.28168,242490854387.11282,6986796725.607216,31937717351.52511,484981708774.22565,20.11958155959829,0.281507145950628,8.411742059977726,0.03168562787448056,26.702270750521624
Костромская область,633385,60211,14.5,25780,97.3,32220,98.6,323951.6,18440.77433533,19751.68677352,22.5,1151136200000.0,137460634800000,174571606600000.0,3817116600000.0,32142719000000.0,349143213200000.0,179587,12.5,39.9,53.5,6.6,129692,112,91,16552.76,175753,27.7,11993,5.5,5402,13,29,42,228129,73.554,9.161,20316,10.51942336117985,29114.63696697901,31184.329868121284,1817435209.2329311,217025402875.02863,275616894305.99084,6026534572.179638,50747521649.549644,551233788611.9817,20.476013798874302,0.08635844924898992,8.528777915485842,0.06631037994268889,32.075278069420655
Краснодарский край,5675462,75485,18.1,36838,100.4,38499,103.2,460720.2,201287.16458267,95291.25833002,25.7,24330834500000.0,918998326790000,1087351895830000.0,30522965280000.0,113499769260000.0,2174703791660000.0,261857,10.4,39.3,53.8,6.9,1185680,263,96,16395.76,1447727,25.5,12191,5.7,59235,91,139,230,1363625,234.591,33.336,161271,75.18661985824998,35466.2165974629,16790.044287147022,4287022712.8646092,161924848900.40668,191588261154.77472,5378058258.517104,19998331282.9863,383176522309.54944,20.891338890120313,0.022181364280412928,10.43703578669014,0.04052533520619114,28.41548406103327
Красноярский край,2866255,2366797,16.6,32832,99.8,54426,105.5,951613.7,144523.60732765,58740.29314297,24.8,635615997300000.0,1727194113600000,2571171353160000.0,33840312560000.0,174520929700000.0,5142342706320000.0,196888,17.0,35.8,59.4,4.8,633164,1868,59,19094.34,646186,22.5,13839,6.0,28985,44,109,153,1009395,165.088,36.039,77141,1.2110269702048804,50422.45275722154,20493.742930398726,221758356217.43353,602596110115.8131,897049059891.7404,11806455657.294971,60888137901.1986,1794098119783.4807,22.09028854725068,0.2950262491234498,10.11249871347804,0.05337975860486942,26.913516068877332
Курганская область,827166,71488,16.7,21860,97.8,33182,104.3,294464.0,20379.90635097,32556.92843459,26.1,3393374800000.0,123383789960000,149642477960000.0,3400843900000.0,19464469300000.0,299284955920000.0,147332,19.3,39.4,58.2,2.4,177931,382,67,16366.08,238309,28.8,11204,8.3,7429,15,31,46,128757,20.964,5.763,25878,11.570697179946285,24638.230235490817,39359.60669876422,4102410882.458902,149164484468.6556,180909851178.6026,4111440629.8131213,23531515197.674953,361819702357.2052,21.510918001948824,0.21468996408720234,8.981268572450995,0.0556115701080557,31.28513502731012
Курская область,1104008,29997,17.1,29786,97.8,35805,105.3,487030.7,33048.73519263,25588.78281545,23.2,104702314000000.0,210207310400000,378835471500000.0,6601104200000.0,57324742900000.0,757670943000000.0,207134,9.9,34.2,59.2,6.5,206665,221,66,16505.25,312831,28.3,10748,4.9,9111,11,31,42,208119,57.093,5.558,52068,36.8039470613728,29935.23162208064,23178.07734676741,94838365301.70071,190403792726.13968,343145585448.6561,5979217723.059978,51924209697.75581,686291170897.3123,18.719520148404722,0.10693634626085693,8.252657589437757,0.03804320258548851,47.16270171955276
Ленинградская область,1875872,83908,17.0,33149,100.8,48286,101.1,661328.6,91575.79243078001,22419.93396862,16.7,15391484600000.0,1091256081500000,1297335494800000.0,21499182300000.0,169188746400000.0,2594670989600000.0,255646,8.7,0.0,0.0,0.0,325265,562,66,18134.51,502282,26.8,12231,5.3,13267,14,38,52,208726,64.931,2.56,40640,22.35629498975068,48817.71913583657,11951.739760825898,8204975925.862745,581732698979.4613,691590628145.204,11460900477.218061,90192052762.66185,1383181256290.408,17.339402688456353,0.17278219298110772,7.0724441752955425,0.027720441480015696,21.66459118745842
Липецкая область,1139371,24047,16.5,32226,94.9,36790,103.3,546151.3,38606.15282759001,23814.29673941,22.3,6843657300000.0,737842641000000,779282027800000.0,11323568200000.0,23272161300000.0,1558564055600000.0,236552,8.4,40.0,59.3,0.8,217215,228,82,16966.73,319828,28.1,10627,4.3,9389,13,22,35,300984,50.883,3.046,40127,47.38100386742629,33883.741843166106,20901.26634731795,6006522282.908728,647587696193.7771,683958103023.5104,9938438138.235922,20425446408.5886,1367916206047.0208,19.064466271302326,0.10496512671776811,8.240511650726585,0.030718703565388274,35.21855479909529
Магаданская область,140149,462464,13.8,70864,104.3,102843,105.0,2035007.0,21737.82070883,18493.10538926,11.1,38636039200000.0,209854248970000,267775298770000.0,1134119700000.0,18150890900000.0,535550597540000.0,245817,8.7,0.0,0.0,0.0,29431,214,53,26112.75,29682,21.2,22027,5.7,1314,0,4,4,11669,1.864,0.079,2560,0.3030484535012455,155105.0718080757,131953.17404519476,275678308086.3938,1497365296719.9194,1910647230947.0635,8092242541.866157,129511383598.88405,3821294461894.127,20.99979307736766,0.7271244606027658,9.37573582401587,0.028541052736730195,18.266273751507324
Москва,12678079,2561,13.8,77283,100.2,100070,103.1,1567644.8,1623741.39835865,288463.48780729,17.5,1092663698400000.0,7529104650300000,9781207222000000.0,195176446200000.0,964262427100000.0,1.9562414444e+16,408674,6.0,38.4,48.5,13.2,2166455,1324,66,19115.1,3411515,26.9,20260,2.6,123524,10,440,450,8174015,1480.172,246.383,275544,4950.440843420539,128074.71844580317,22752.9334536636,86185272895.04979,593867939322.6687,771505464037.5723,15394796498.744013,76057455321.10977,1543010928075.1445,17.08819609027519,0.061113662642427374,9.74311644532267,0.035494336326504984,21.733892019445534
Московская область,7690863,44329,14.8,47046,97.8,58066,101.8,683845.1,431889.35798133,122168.61916969,19.4,13840410000000.0,3116645931940000,3523377685760000.0,114241824810000.0,278649519010000.0,7046755371520000.0,347566,6.8,49.9,44.4,5.7,1523795,762,86,18852.1,1841595,23.9,14586,3.6,79107,26,220,246,2573715,576.171,66.301,144541,173.49507094678427,56156.163226588484,15884.90383584911,1799591281.2385294,405240079291.49176,458125139631.2742,14854226997.672434,36231242060.87145,916250279262.5483,19.813056090064272,0.050006726626613165,10.285841783945441,0.031986007292029515,18.793859674785523
Мурманская область,741404,144902,17.7,46355,100.4,69135,105.1,1072337.1,54933.9738713,17979.89264785,22.8,199187594000000.0,745236878300000,1009107586000000.0,9779329720000.0,54903783960000.0,2018215171980000.0,242844,10.1,43.7,55.8,0.4,154266,267,65,23236.03,161229,21.7,18438,7.7,6481,0,25,25,344555,95.112,12.434,11520,5.116589143006998,74094.52049260591,24251.1406033013,268662691326.18652,1005169756704.8466,1361076533172.1975,13190284541.22179,74053800572.96696,2722153066317.4194,20.80727916223813,0.17307767103574345,8.741522840448662,0.0337198072845574,15.538087196724053
Ненецкий автономный округ,44111,176810,20.9,84147,101.1,92237,101.4,5206287.1,10156.23939091,8158.07223196,14.4,255509734000000.0,1713211500000,262955655850000.0,691191950000.0,5041518400000.0,525911311700000.0,226206,9.4,0.0,0.0,0.0,11983,20,0,27264.59,8168,18.5,22971,8.8,594,2,2,4,1193,0.549,44.485,1169,0.24948249533397432,230242.78277323116,184944.1688458661,5792426696288.908,38838645689.28385,5961226357371.178,15669378386.343542,114291637006.64233,11922452714742.355,27.165559610981386,0.16690311274305264,13.46602888168484,0.09068032916959488,26.501326199814105
Нижегородская область,3202946,76624,17.5,33645,95.2,37601,102.8,497418.6,122823.43659193,67799.55594683,22.2,1474376800000.0,1356573016080000,1500778959840000.0,34461742300000.0,108269824660000.0,3001557919680000.0,237008,9.4,31.7,64.5,3.8,606993,805,76,17203.47,878105,27.4,11228,4.6,27648,26,102,128,1302206,254.299,2.192,82687,41.800819586552514,38347.02070903787,21167.873559788397,460318968.84930307,423539146797.9791,468562055008.10815,10759389106.154148,33803200135.1256,937124110016.2163,18.951084407916962,0.13262096926982683,8.63205311609999,0.039963208870833294,25.815920717989002
Новгородская область,596508,54501,17.6,26268,96.8,34169,102.4,471333.3,20933.89923391,18830.37631132,25.3,962587400000.0,208251704200000,232368357200000.0,3380896000000.0,19773169600000.0,464736714400000.0,204547,13.6,40.1,58.6,1.3,117723,131,79,17414.26,173592,29.1,12346,5.8,4886,8,12,20,277475,97.17,50.148,18235,10.944900093576265,35094.07959978743,31567.684442320977,1613704091.1437902,349118040663.3272,389547763315.8315,5667813340.307256,33148205221.0532,779095526631.663,19.735359794001088,0.11127816994130289,8.191004982330497,0.03352846902304747,30.56958163176353
Новосибирская область,2798170,177756,16.3,31563,99.8,41534,102.9,485981.4,111865.77915205,68159.80983033999,25.4,51475249300000.0,564073883190000,708010570770000.0,23785897420000.0,68675540860000.0,1416021141540000.0,197028,13.8,34.1,61.5,4.4,586552,670,77,17302.84,683722,24.4,12598,6.7,28865,34,130,164,844139,148.469,8.734,70473,15.741634600238529,39978.192587316,24358.709381610122,18396040733.76528,201586709595.9145,253026288885.2357,8500519060.671797,24543019494.884155,506052577770.4714,20.96198586933603,0.11422687161581582,10.315670598998631,0.058609734219150375,25.18538902211088
Омская область,1926665,141140,16.9,27354,97.3,37828,103.7,398641.0,63141.01811259999,47280.37689511,29.0,2061436000000.0,865391001810000,934355649510000.0,13718542900000.0,53184668800000.0,1868711299020000.0,185769,13.6,38.8,56.2,5.1,417186,544,86,16454.08,478030,24.8,10956,8.9,17800,44,61,105,487422,85.345,5.898,49446,13.650736857021398,32772.18307936252,24540.009236224254,1069950406.5314937,449165268383.45013,484960099192.1273,7120357145.63767,27604523256.508007,969920198384.2546,21.65327132635928,0.13039747259016363,9.23876231726844,0.05449831704006664,25.66403604155367
Оренбургская область,1956835,123702,19.0,24719,97.7,35075,103.8,538971.9,56947.0608523,46416.3111729,26.6,481121953200000.0,310290124420000,880762104590000.0,24327045900000.0,65022981070000.0,1761524209180000.0,169416,14.0,42.8,53.9,3.3,436283,959,77,16338.86,486919,24.9,10438,5.9,18780,31,38,69,188268,44.698,3.932,58886,15.81894391359881,29101.61605464947,23720.09452656969,245867409975.80273,158567341865.81903,450095232653.7495,12431832985.407558,33228647826.72019,900190465307.499,22.295339157363806,0.21981145265802243,9.597130059509361,0.03526102098541778,30.092470749961034
Орловская область,733498,24652,18.8,26843,98.6,31862,103.7,390170.2,19372.44478445,21571.50227668,25.0,264510400000.0,132055767300000,149952405000000.0,4207389800000.0,13424737500000.0,299904810000000.0,194977,12.9,41.5,50.5,8.0,134620,322,71,17465.36,212036,28.9,11132,6.1,5735,12,21,33,133856,25.531,7.775,21479,29.754097030666884,26411.03968170329,29409.081247229027,360615025.53517526,180035620138.02356,204434647401.90158,5736061720.686355,18302350517.65649,408869294803.80316,18.353151610502007,0.23919179913831526,7.818698892157852,0.04498989772296584,29.282970096714646
Пензенская область,1305563,43352,16.9,24118,100.4,32766,102.9,379820.4,34380.4215256,34809.15812338,22.4,1858515400000.0,262498489000000,293334013300000.0,7271692200000.0,21705316700000.0,586668026600000.0,171267,13.0,32.7,54.5,12.8,231817,132,75,16055.7,383498,29.4,10396,5.1,9663,18,25,43,366229,92.193,13.847,32602,30.115404133603985,26333.789733318117,26662.181850573277,1423535593.456616,201061525947.04355,224680090734.80176,5569775031.921094,16625254162.38052,449360181469.6035,17.756094497163293,0.05694146676041878,7.4014046047567215,0.03293598240758967,24.971602289586944
Пермский край,2599260,160236,16.0,30215,95.1,41958,103.7,541930.2,83778.98206888999,53752.86099185,23.0,289888517500000.0,1059475304600000,1499640081380000.0,27709999850000.0,122566259430000.0,2999280162760000.0,214162,13.3,41.5,54.8,3.7,586634,509,84,17498.58,632176,24.3,11633,5.7,25529,31,88,119,524864,107.053,24.219,65683,16.221448363663598,32231.859094084462,20680.06316869032,111527326046.64404,407606512853.6584,576948855204.943,10660726456.760769,47154289847.87978,1153897710409.886,22.569269715226643,0.08676619493585438,9.82164154413179,0.04578226110508375,25.269884505590053
Приморский край,1895868,164673,15.7,37304,96.9,50105,103.1,582950.7,88556.84696617,53644.50192481,23.5,23985049450000.0,239009609260000,343330852690000.0,11045618080000.0,69290575900000.01,686661705380000.0,230378,13.0,49.6,46.2,4.2,376589,1458,66,17862.15,456973,24.1,14872,5.5,18060,26,69,95,813059,197.735,2.064,43976,11.512925616221239,46710.44976030503,28295.483612155487,12651223318.290092,126068697430.41182,181094281189.4077,5826153550.774632,36548206889.93116,362188562378.8154,19.863671943405343,0.387159476245987,9.52597965681155,0.05010897383151148,23.19570771804788
Псковская область,626115,55399,15.0,26436,99.8,31496,103.9,325659.6,19915.89065212,22896.4562105,24.7,2401920100000.0,122905954900000,142724001700000.0,5413324700000.0,12002802000000.0,285448003400000.0,200916,16.2,29.6,61.0,9.3,116492,165,65,16624.63,182765,29.2,12425,6.4,4995,10,10,20,152580,18.639,0.078,18112,11.301918807198685,31808.67836119563,36569.09067902862,3836228328.661668,196299329835.57333,227951736821.51044,8645895242.88669,19170283414.388733,455903473643.0209,18.60552773851449,0.14164062768258764,7.977767662490117,0.03194301366362409,28.92759317377798
Республика Адыгея,463088,7792,19.6,30293,101.4,32161,102.9,309184.1,11706.25019737,20294.60025832,20.2,2422944400000.0,51784957400000,61013144500000.0,1934553500000.0,4870689200000.0,122026289000000.0,231447,12.5,44.6,50.1,5.4,101385,42,68,15633.62,114103,24.6,10520,8.5,4418,7,7,14,13298,2.38,0.611,14225,59.431211498973305,25278.673162271534,43824.500436893206,5232146805.790691,111825306205.30008,131752808321.52852,4177507298.828732,10517848011.609026,263505616643.05704,21.89324707183084,0.04142624648616659,9.540303354869916,0.03023183498600698,30.717703762567808
Республика Алтай,220181,92903,14.4,21677,104.5,36269,105.5,283451.4,6675.220761400001,20816.48026426,19.8,851450200000.0,4534270100000,8711664300000.001,586150700000.0,2739793300000.0,17423328600000.0,135351,23.8,44.5,52.6,2.9,67460,246,48,16146.86,40007,18.2,11138,14.0,2955,21,1,22,21637,3.142,23.538,8228,2.3700095798843956,30316.96995381073,94542.58207683678,3867046657.0685024,20593375904.369587,39565922127.70403,2662131155.730967,12443368410.53497,79131844255.40805,30.638429292264092,0.3646605395790098,13.420776542935132,0.0999177949051008,37.3692552945077
Республика Башкортостан,4038151,142947,17.4,30249,95.1,38738,102.5,425161.0,117247.12953235,96655.12820047,22.4,212923273000000.0,1165509906510000,1544334054110000.0,28160337900000.0,137740536700000.0,3088668108220000.0,226691,11.6,40.1,55.4,4.5,912337,1036,77,17150.31,960151,23.8,10477,5.9,41180,125,113,238,858134,160.186,6.007,89197,28.249288197723633,29034.855192970743,23935.49131780114,52727912601.58424,288624646901.5151,382435935186.6733,6973572285.9298725,34109803397.64412,764871870373.3466,22.592939194200515,0.11355453083674125,10.19773653833153,0.05893786537452413,22.088574696686678
Республика Бурятия,985937,351334,17.2,26092,98.8,41800,102.2,307558.8,27437.31625944,57558.84059748,25.5,48765852600000.0,97767864620000,176343104020000.0,3249746500000.0,26559640300000.0,352686208040000.0,199747,19.9,41.7,54.6,3.7,266047,311,74,16739.91,194614,19.7,12803,10.5,12620,29,40,69,199704,34.046,1.731,33125,2.8062669710304156,27828.670857712,58379.83623444499,49461428671.40598,99162385243.6819,178858389552.27362,3296099547.9427185,26938476089.243023,357716779104.54724,26.98417850227753,0.11689663856386279,12.800006491286968,0.06998418763064983,33.59748138065616
Республика Дагестан,3110858,50270,22.5,27661,97.2,31342,111.6,239640.7,37473.81064142,134631.56189374,28.3,4280095700000.0,43722489400000,67592167800000.0,1838720300000.0,17750862400000.0,135184335600000.0,188325,14.8,38.3,56.7,5.0,883036,33,95,14351.33,432691,13.9,10775,15.7,46506,181,136,317,160228,33.908,0.06,219687,61.882991844042174,12046.133459457165,43277.951579191336,1375856982.221625,14054800765.57657,21727821649.204174,591065326.6719342,5706098574.734044,43455643298.40835,28.38560937207677,0.0037371069809158403,14.94957339743569,0.10190114752907398,70.61942396599267
Республика Ингушетия,507061,3123,27.8,16877,99.7,29648,104.3,142199.7,4430.54661669,30498.29075707,32.5,920378400000.0,2146473600000,4277505400000.0,826476400000.0,384177000000.0,8555010800000.001,50713,30.0,38.1,51.3,10.6,158150,0,100,17076.7,65714,13.0,10580,30.0,8463,23,24,47,15176,1.401,0.03,43348,162.363432596862,8737.699441862023,60147.182995872296,1815123624.1793392,4233166423.7636104,8435879312.350979,1629934859.908374,757654404.4996558,16871758624.701962,31.189541297792573,0.0,16.6902995892013,0.09269101745154923,85.4887281806331
Республика Калмыкия,271135,74731,20.2,19811,102.4,32013,107.6,344933.1,5942.97809086,13708.28360431,24.3,88083157000000.0,604967300000,6619456400000.0,4334907200000.0,4114195200000.0,11338618900000.0,86002,22.7,33.8,65.9,0.3,65106,16,87,15020.07,60534,22.3,10914,9.6,2772,5,3,8,3892,1.795,2.259,10674,3.6281462846743655,21918.88944938868,50558.88617961532,324868264886.49567,2231240157.117303,24413876482.195217,15988003024.323675,15173973113.024878,41819089752.337395,24.01239235067402,0.024575307959327868,10.223689306065245,0.029505596842901136,39.367842587640844
Республика Карелия,614064,180520,17.1,32583,100.8,46501,104.1,522245.3,25445.22929132,33473.1523356,24.2,303708239300000.0,126255184930000,245402003630000.0,8915997300000.0,26728754500000.0,490804007260000.0,226569,15.1,39.0,58.1,3.0,125980,212,78,21533.92,164332,26.8,15438,8.7,5199,4,19,23,105181,10.357,5.965,17304,3.401639707511633,41437.4223066651,54510.852835535065,494587273150.6814,205605905785.06476,399635874485.3957,14519654791.682951,43527636370.150345,799271748970.7914,20.51577685713541,0.1682806794729322,8.466544203861487,0.03745537924385732,28.179473149378566
Республика Коми,820473,416774,15.5,36677,98.0,57156,102.1,749219.3,55505.957568,27141.13128128,22.7,12350320900000.0,190136442480000,545216634630000.0,8987761700000.0,42455955550000.0,1090433269260000.0,201675,15.3,40.1,53.3,6.6,184443,732,61,22347.96,184707,22.5,15715,7.8,7576,4,14,18,173534,30.165,2.15,25440,1.9686280814062298,67651.16898179465,33079.85915597466,15052684122.451319,231740035906.11755,664515023200.0322,10954366200.95969,51745707110.410706,1329030046400.0645,22.480081611460704,0.3968705779021161,9.233698122912028,0.02193856470596839,31.006504784435318
Республика Крым,1912622,26081,19.0,22950,99.5,34181,101.5,270363.8,48481.37372712001,163383.6260657,15.5,929458400000.0,100422035180000,171343903980000.0,6956325400000.0,49583786200000.0,342687807960000.0,148071,17.2,48.2,50.1,1.7,384736,280,76,16052.48,525185,27.5,11846,6.3,18868,54,48,102,113772,12.511,1.762,58555,73.33392124535102,25348.120918362336,85423.89769944086,485960320.43968964,52504904356.427986,89585869021.68855,3637062315.5019655,25924508972.49953,179171738043.3771,20.115631839432986,0.07277717707726856,9.864991618835296,0.05332993137169812,30.61504050460572
Республика Марий Эл,679417,23375,16.5,21264,98.3,32278,103.8,290803.3,17086.8028825,25471.00230376,22.4,117125500000.0,142625577670000,162458477170000.0,3290484100000.0,11947115700000.0,324916954340000.0,134692,19.5,32.8,61.5,5.8,148171,227,65,15818.7,171823,25.3,10568,6.7,6642,11,20,31,115579,27.909,3.677,21623,29.065967914438502,25149.21304957044,37489.49806048421,172391182.44023922,209923475082.3132,239114530796.25623,4843099451.441457,17584363800.140415,478229061592.51245,21.808550566147154,0.15320136868887974,9.77602856566733,0.045627354040302194,31.82581536817595
Республика Мордовия,790197,26128,20.0,20631,100.7,31105,105.1,342811.2,23685.52221803,26753.087588,22.5,823669498500000.0,236603930500000,252399282100000.0,7219543000000.0,12387742000000.0,504798564200000.0,127327,17.6,0.0,0.0,0.0,133432,197,63,15800.51,217974,27.6,10079,5.4,5558,8,9,17,97925,21.589,2.168,24774,30.24330220453154,29974.19911494222,33856.22520460087,1042359688153.7136,299423979716.45044,319413111034.337,9136383711.909815,15676776803.759062,638826222068.674,16.8859157906193,0.1476407458480724,7.033689067409773,0.02151362255235087,31.35167559482003
Республика Саха (Якутия),971996,3083523,16.5,46338,99.5,77178,101.8,1168152.5,101288.86308007,121093.50158861,16.8,636335600000.0,33951941570000,937200847880000.0,1691981600000.0,72359864810000.0,1874401695760000.0,250679,17.3,44.2,50.7,5.1,264141,510,80,23901.82,164134,16.9,18853,7.4,12957,33,34,67,139702,30.459,0.291,28170,0.3152225554990185,104207.0780950436,124582.30444220963,654668949.2549353,34930124784.464134,964202371079.7163,1740728974.1933095,74444611716.50912,1928404742159.4326,27.175111831735933,0.1930786966052222,13.33030177078918,0.06893032481615151,28.981600747328176
Республика Северная Осетия-Алания,696837,7987,16.4,23927,94.6,30479,103.0,267814.4,14490.77451131,31297.61326469,25.0,575549655400000.0,18010023500000,35731140000000.0,41261788100000.0,15392799300000.0,71462280000000.0,163468,13.9,34.8,58.4,6.8,163825,102,80,15999.89,158813,22.8,10433,15.5,8157,9,24,33,44444,12.83,22.4,26042,87.24640040065105,20795.07045594594,44913.8224070909,825945888923.8086,25845389237.36828,51276180799.81402,59212969604.08245,22089526388.524143,102552361599.62804,23.5098021488526,0.06226155959102701,11.705750412219787,0.047356842417954265,37.371723946920156
Республика Татарстан,3902888,67847,16.2,35635,96.7,39761,103.1,675621.4,166066.01867777,85445.76467057,13.7,16860405000000.0,1953851587530000,2710057662010000.0,401160600000.0,139394630980000.0,5420115324020000.0,238322,6.6,42.0,50.7,7.3,843709,638,79,16916.73,952747,24.4,10231,3.6,41598,40,130,170,1326215,242.409,0.033,107639,57.52484266069244,42549.52196367664,21892.958411968266,4319981767.347667,500616873333.2855,694372388346.7832,102785578.26922013,35715765089.85141,1388744776693.5664,21.6175560251793,0.07561848931325849,10.658261267041226,0.04355748871092381,27.57932074914781
Республика Тыва,327383,168604,13.6,18972,110.9,44104,107.0,251799.9,6679.83942558,40381.20782658,23.8,72383462400000.0,562091740000,23291833970000.0,2191259000000.0,5468176630000.0,46583667940000.0,76921,31.7,45.0,52.4,2.6,122150,215,74,18251.62,36087,11.0,11594,18.0,6582,17,19,36,9065,3.39,0.853,14128,1.9417273611539465,20403.745538345,123345.46334592816,221097193195.7371,1716924030.8751523,71145520598.19844,6693258354.893198,16702689602.086853,142291041196.39688,37.31103936368107,0.1760130986492018,20.104892434854587,0.10996294859537606,43.15434827098536
Республика Хакасия,534262,61569,17.9,23837,100.8,43800,104.0,500422.8,17699.26228171,19273.48266814,24.1,34206877900000.0,106392496400000,237038274700000.0,35589982200000.0,56071056900000.0,474076549400000.0,175577,18.5,43.2,54.3,2.4,129013,86,88,17331.95,123049,23.0,12428,8.7,5360,5,16,21,75839,10.613,15.222,11741,8.677451314785039,33128.43189616704,36074.96447087759,64026410075.95524,199139179653.42847,443674217331.5714,66615222868.18078,104950486652.61613,887348434663.1428,24.147889986560898,0.06665994899738785,10.032530855647604,0.039306557456828296,21.97610910002957
Ростовская область,4197821,100967,18.2,31427,98.6,35622,102.1,403949.1,124304.16454161,71744.06150165,27.8,1509023300000.0,849342841850000,1081349253150000.0,9134712100000.0,162209551200000.0,2162698506300000.0,232860,13.0,43.9,54.5,1.6,794498,398,92,16079.4,1115279,26.6,11493,5.0,36485,76,124,200,589384,84.856,5.623,162668,41.576168451078075,29611.59242893158,17090.78626783991,359477762.3914884,202329456603.79517,257597752059.93777,2176060413.2477303,38641369224.652504,515195504119.87555,18.926438264042226,0.05009452509635015,8.691413950237516,0.04764376565842136,38.75058036062043
Рязанская область,1108847,39605,19.0,27312,97.2,36459,101.8,412845.1,36542.41480811,24694.6984754,22.0,272383632400000.0,341384630800000,392146394900000.0,46543909800000.0,40118028700000.0,784292789800000.0,196393,12.8,37.0,59.7,3.3,196815,288,73,16966.14,328817,29.7,11643,5.4,8701,15,31,46,316755,89.945,31.898,39885,27.997651811639944,32955.326395895914,22270.609448733685,245645821650.7778,307873521594.95404,353652392890.99396,41975051382.201515,36179949713.531265,707304785781.9879,17.74951819322233,0.1463303101897721,7.846889606952087,0.04148453303296127,35.969795652601306
Самарская область,3179532,53565,16.9,29893,97.4,38748,102.6,505093.4,119183.98046696,66439.56757396,23.4,35897627600000.0,1087820856800000,1547652873230000.0,71373296400000.0,140904474230000.0,3095305746460000.0,213032,12.3,36.9,53.6,9.5,615832,795,72,17345.24,846901,26.6,12151,4.5,27983,26,104,130,506976,113.998,92.427,80323,59.35838700644077,37484.755764986796,20896.021041448865,11290223718.459194,342132381998.357,486754929099.6285,22447736459.327976,44316105084.018654,973509858199.257,19.368636642122176,0.12909364891723718,8.800980773271036,0.04088652040614782,25.262522912177012
Санкт-Петербург,5398064,1403,15.7,49207,101.1,68667,101.0,971158.0,411309.65345948,54096.73039842,19.8,34408819400000.0,2564838334600000,2875726775100000.0,12703500700000.0,203617516500000.0,5751453550200000.0,283494,5.9,0.0,0.0,0.0,947039,1265,53,19203.41,1424587,26.4,13074,2.9,55439,0,191,191,2677555,614.49,11.732,119099,3847.5153243050604,76195.7719396213,10021.505932204582,6374288893.203193,475140408598.3419,532732990031.24084,2353343846.979213,37720470987.37621,1065465980062.4817,17.544049125760644,0.1335742245039539,10.270163525293512,0.03538305585113478,22.063280464996343
Саратовская область,2421895,101240,17.8,24046,100.4,33545,104.7,358480.4,60172.20632161,60516.00424914,27.7,731920051400000.0,427571767550000,569664320550000.0,4135165900000.0,94980232900000.0,1139328641100000.0,164665,14.8,39.0,58.5,2.5,451172,534,70,15919.6,661161,27.3,10409,5.6,18643,16,45,61,630116,115.284,3.377,54594,23.922313314895298,24845.092921703872,24987.04702274046,302209654588.6589,176544304170.9075,235214293167.1274,1707409239.4591837,39217320693.09363,470428586334.2548,18.628883580832365,0.11835840876650147,7.697691270678539,0.02518688877924105,22.541852557604685
Сахалинская область,488257,87101,17.2,60770,98.6,92518,101.7,2059206.5,51286.49695678,17397.4474919,16.5,92526767400000.0,65896029100000,821864303480000.0,77608009860000.0,19913057080000.0,1643728606960000.0,338787,7.7,0.0,0.0,0.0,106749,315,57,23008.29,111009,22.7,17178,5.5,5591,5,20,25,98491,20.319,45.171,9638,5.6056417262717995,105039.96247218165,35631.74207824977,189504231173.33698,134961770338.16206,1683261691035.6636,158949098241.29507,40783966394.747025,3366523382071.327,21.863281017988477,0.2950847314728944,11.450936699320236,0.05120254292309173,19.739604347710323
Свердловская область,4310681,194307,15.8,37374,92.5,43256,102.1,588270.0,182023.17938086,69567.14869153999,23.5,2038290500000.0,2072196704810000,2487507183170000.0,13230839700000.0,245175701100000.0,4975014366340000.0,259875,9.0,46.3,51.5,2.2,937279,1725,68,18306.46,1084761,25.2,11550,5.8,43991,38,144,182,2062800,337.889,1.024,104203,22.18489812513188,42226.08431959127,16138.319836596582,472846517.75438726,480712143814.3996,577056660692.3594,3069315428.3511124,56876326756.72359,1154113321384.7188,21.743177006138936,0.18404338516066188,10.205116082586487,0.04222070712261009,24.173210682952416
Севастополь,449138,864,13.7,29957,102.9,36300,101.3,295304.9,12992.42740508,42782.16678145,13.3,11073282600000.0,15630051100000,29028253900000.0,12597835000000.0,8877990500000.0,53536295500000.0,141383,11.0,0.0,0.0,0.0,85823,22,70,17141.3,117244,26.1,12201,4.6,4225,0,15,15,34819,11.413,2.999,7651,519.8356481481482,28927.473081948086,95253.94596193153,24654521772.818157,34800108429.925766,64631035227.480194,28048918149.878212,19766732051.173584,119197875708.57954,19.10838094305091,0.025634154014658076,9.406908344428661,0.03339730773169939,17.0348534303488
Смоленская область,934889,49779,19.4,28152,98.3,33139,102.5,386274.8,30721.64828271,19858.74059462,27.2,267666100000.0,219478208700000,289326966100000.0,4313657290000.0,54579627000000.0,578653932000000.0,186156,15.6,34.7,53.3,12.0,162880,486,47,16581.78,261528,28.0,11572,5.3,6554,12,27,39,277126,48.091,3.733,28006,18.78079109664718,32861.27902104956,21241.816509361004,286307893.2365233,234763922454.96524,309477345545.83484,4614084976.93309,58380863396.617134,618954690877.7406,17.422389182031235,0.29837917485265225,7.0104579260211635,0.04171618234892057,29.95649750932998
Ставропольский край,2803573,66160,19.0,23911,94.5,33877,102.5,308476.2,62712.72039836,73114.71998217999,30.8,789317000000.0,307718213500000,400053220400000.0,9371061000000.0,68663889099999.99,800106440600000.0,185994,13.8,39.2,58.9,1.9,586779,667,77,15849.48,671692,24.0,10464,6.2,27487,59,79,138,405975,67.759,4.786,89084,42.37564993954051,22368.85588438753,26079.121172225583,281539663.8503795,109759301255.93306,142694062326.895,3342542177.4285884,24491564549.951077,285388124582.45245,20.92968508399817,0.11367141632539679,9.804274759387397,0.04922290234639868,31.775166903091165
Тамбовская область,1006748,34462,19.7,27889,94.3,31063,104.1,378455.8,23561.06242353,29684.23333333,23.9,115235275000000.0,188201670580000,207661450290000.0,8768566900000.0,14878456320000.0,415322900580000.1,198282,10.8,33.5,58.9,7.6,170443,250,85,15623.31,305348,30.3,10998,4.6,7433,14,10,24,159962,39.947,5.977,37402,29.213278393592944,23403.138047982215,29485.266753278876,114462879489.20683,186940198123.06555,206269543411.06216,8709793215.382599,14778729453.646791,412539086822.12445,16.9300559822319,0.14667660156181248,7.383178312745593,0.023839133526960075,37.151303007306694
Тверская область,1260379,84201,17.5,27681,97.4,36077,103.9,391722.2,45049.21459218,25369.1618687,22.5,8334138300000.0,341532380550000,443911800150000.0,17931811500000.0,92219041600000.0,887823600300000.0,199736,11.4,31.0,65.1,3.8,235854,450,69,17145.64,363987,28.9,12041,4.4,10075,12,33,45,263401,59.453,3.321,34532,14.968693958504057,35742.5937691599,20128.20101628161,6612406506.296915,270975937039.57303,352205011468.77246,14227316941.967455,73167707173.79456,704410022937.5449,18.71294269422134,0.1907960009158208,7.993627313688977,0.03570354631424357,27.3981080294102
Томская область,1079271,314391,16.9,28857,97.7,48730,103.2,518179.5,42961.65816795,30620.53539489,23.5,183155192300000.0,198997143400000,354921306400000.0,18462258700000.0,31920321100000.0,709842612800000.0,162359,14.4,42.2,54.2,3.6,227938,416,63,19197.35,242769,22.5,12566,8.7,9940,12,33,45,256182,55.599,11.818,25600,3.4328940713951734,39806.182291519,28371.498349246853,169702690334.4943,184381071482.50995,328852814909.32306,17106230687.19534,29575816546.539284,657705629818.6461,21.11962611800002,0.18250576911265345,9.209920399973687,0.041694810663864774,23.719714510998628
Тульская область,1466127,25679,16.6,29385,98.2,40889,103.3,486544.2,54291.13080147,29261.3167515,23.3,187616196100000.0,850736047670000,932213890770000.0,15502492100000.0,55211893300000.0,1864427781540000.0,205652,10.1,38.8,56.0,5.3,244772,477,62,18273.1,439067,29.9,11814,4.4,10812,15,49,64,357986,63.206,16.527,52826,57.09439619922894,37030.30556116217,19958.24151079681,127967219824.74916,580260814833.9127,635834338205.3533,10573771644.61196,37658329257.970146,1271668676410.7065,16.695143053773652,0.19487523082705538,7.374531674268327,0.04365242574483656,36.03098503744901
Тюменская область без округов,1537416,1464173,18.1,31151,99.2,51501,102.5,757076.0,67322.16289456001,17836.00663539,21.9,14093423360000.0,651681655420000,912284895620000.0,9717375400000.0,58985789200000.0,1824569791240000.0,268215,13.6,37.9,54.7,7.5,366970,300,90,18490.89,327849,21.3,12376,4.8,18753,23,48,71,648585,102.172,26.307,34972,1.0500234603424596,43789.16499799664,11601.288548701197,9166955046.649704,423881145649.58344,593388448942.9016,6320589482.612384,38366837082.481255,1186776897885.8032,23.869271556950103,0.08175055181622476,12.197739583821164,0.04618138486915708,22.747259037241708
Удмуртская Республика,1500955,42061,14.8,25449,97.9,36380,103.4,451490.9,42187.20927688,35701.87459662,23.1,27568168600000.0,337062165060000,581573555460000.0,9521832900000.0,41392702200000.0,1163147110920000.0,160085,11.9,49.9,47.5,2.7,340439,609,71,17178.51,369858,24.6,10930,6.3,14545,23,40,63,623170,128.25,13.605,39105,35.68519531157129,28106.911450962885,23786.1059103171,18367085355.6569,224565136902.83853,387469015033.76184,6343849682.368893,27577577075.928326,774938030067.5237,22.681492782928203,0.1788866727960075,9.690497050211366,0.04197327701363465,26.05341266060608
Ульяновская область,1229824,37181,17.9,24590,99.2,32504,102.2,360112.2,42630.94410227,25043.71119237,25.3,2659122568600000.0,276051692060000,326165082920000.0,23768335300000.0,26302592100000.0,652330165840000.0,165299,15.0,38.4,58.5,3.1,227134,379,76,16253.93,352196,28.6,11088,4.9,10346,11,32,43,338885,99.771,8.28,40087,33.076678948925526,34664.26423802918,20363.65463055689,2162197654786.376,224464388449.0789,265212813313.12448,19326615271.778725,21387281513.45233,530425626626.24896,18.468821554954204,0.16686185247475058,8.412585865945045,0.034964352622814325,32.595721013738554
Хабаровский край,1315643,787633,15.4,41740,96.2,53113,101.9,658239.5,76913.23773508001,49130.67107633,25.7,139619313500000.0,406826629000000,501840435300000.0,37238860600000.0,57923804800000.0,1003680870600000.0,277942,12.0,32.7,60.9,6.4,278203,956,60,20407.02,293878,22.3,16510,4.0,13739,5,53,58,487748,93.098,14.599,26298,1.6703756698868635,58460.56850914724,37343.46709276757,106122491815.78894,309222660706.5899,381441192861.58936,28304684933.5268,44026992732.83102,762882385723.1787,21.1457819484465,0.3436339651261848,10.442802492773495,0.04408490753190645,19.988705142656478
Ханты-Мансийский автономный округ - Югра,1674676,534801,13.9,54443,100.4,79822,103.5,1994630.3,183632.54777124,30574.60989344,15.8,4552198600000.0,567899557740000,3466474896040000.0,2323171000000.0,215684434400000.0,6932949792080000.0,258117,8.4,55.6,42.9,1.6,426532,25,89,25733.6,265614,15.9,17140,3.0,20605,5,70,75,138707,15.031,4.285,27400,3.131400277860363,109652.58221365805,18257.029952922236,2718256307.488732,339110107113.25653,2069937645275.8623,1387236098.206459,128791739058.77913,4139875290551.7246,25.469523657113374,0.005861224949124568,12.303872510264673,0.04478478225041739,16.361373782152487
Челябинская область,3466369,88529,16.0,26628,100.8,39349,101.7,467537.3,114666.40542404,70294.9268998,24.3,470434300000.0,1412224407100000,1718580404200000.0,6463987700000.0,129497823000000.0,3437160808400000.0,173367,12.6,40.6,53.4,6.0,747437,1746,60,17496.46,875135,25.2,12056,6.8,33252,31,102,133,861618,244.005,25.793,79089,39.15518078821629,33079.688118616345,20279.124034342567,135713855.04543805,407407407318.72455,495786918299.8117,1864771955.899675,37358349039.008835,991573836599.6234,21.562534167597274,0.23359828319978806,9.592746761813297,0.0383686791567776,22.816093728047996
Чеченская Республика,1478726,16171,19.2,24596,100.1,29771,104.0,171029.5,17700.32752664,106904.47672825,35.1,23136924600000.0,11931357800000,43492660200000.0,647356700000.0,24685932800000.0,86985320400000.0,123955,20.4,43.7,50.1,6.2,548452,0,100,16165.0,152105,10.3,11572,18.5,30111,72,109,181,54467,14.055,0.316,138935,91.44307711335107,11969.984653438163,72294.9868523648,15646525860.774748,8068673844.917855,29412250951.156605,437780021.45089763,16694054747.126919,58824501902.31321,37.08949460549149,0.0,20.36279878760501,0.12240266283273575,93.95587823572453
Чувашская Республика,1217818,18343,14.2,21155,101.4,31844,104.3,287210.3,26810.3384485,37215.4254941,24.9,2357945159600000.0,221808713370000,253029839700000.0,13571615300000.0,24286704330000.0,506059679400000.0,141564,16.8,22.2,73.6,4.2,258904,161,77,16111.97,302821,24.9,10414,6.1,11307,7,17,24,145091,23.23,1.72,28771,66.39142997328682,22015.061732130744,30559.102833181973,1936204884145.2498,182136175824.30215,207773115276.66696,11144206523.470667,19942802890.087025,415546230553.3339,21.25966277391203,0.06218521150696784,9.2846385913166,0.019707378278199208,23.62504085175289
Чукотский автономный округ,50288,721481,14.1,89541,105.2,120641,110.5,2404271.2,11422.61906662,29347.76697959,6.4,1205598300000.0,93236797700000,130641108400000.0,11331135700000.0,13620029400000.0,261282216800000.0,217089,8.0,0.0,0.0,0.0,12622,60,69,30144.56,7287,14.5,24711,4.4,537,1,7,8,5296,1.179,0.072,1068,0.0697010732091351,227144.03170975184,583593.8390787067,23973876471.52402,1854056588052.8157,2597858503022.59,225324842904.86795,270840546452.434,5195717006045.18,25.099427298759146,0.47536048169862144,10.678491886732422,0.1590836780146357,21.237671014953865
Ямало-Ненецкий автономный округ,544444,769250,15.5,89928,106.8,111216,108.0,5072483.6,147335.08503486,18750.62299104,12.6,0.0,307490084980000,2732310485080000.0,0.0,53303625200000.0,5464620970160000.0,263114,4.8,51.0,48.4,0.7,143794,68,83,25796.8,64337,11.8,17403,2.4,7092,10,15,25,179837,25.51,5.495,7573,0.7077595060123497,270615.68321968836,34439.947893704404,0.0,564778168149.525,5018533559153.926,0.0,97904697636.48787,10037067118307.852,26.411164417277078,0.047289873012782174,13.02613308255762,0.04591840483135089,13.909603191512808
Ярославская область,1253389,36177,15.8,29514,98.2,37820,100.9,495102.2,49818.40627845001,24243.96286231,23.5,0.0,420810277300000,479538647300000.0,0.0,46191636000000.0,959077294600000.0,204406,9.9,31.9,65.8,2.3,242440,485,60,17741.61,349838,27.9,11689,7.3,10584,8,32,40,280477,45.039,10.017,28829,34.64601818835172,39746.96305652117,19342.72828492192,0.0,335737969058.2892,382593629990.3701,0.0,36853391883.92431,765187259980.7402,19.342757914741554,0.2000494967827091,8.444305798120137,0.03191347618337164,23.000840122260527
